<?xml version="1.0" encoding="UTF-8"?>
<project-private xmlns="http://www.netbeans.org/ns/project-private/1">
    <editor-bookmarks xmlns="http://www.netbeans.org/ns/editor-bookmarks/2" lastBookmarkId="0"/>
    <open-files xmlns="http://www.netbeans.org/ns/projectui-open-files/2">
        <group>
            <file>file:/C:/Users/Rum/Documents/NetBeansProjects/Goods/src/com/gmail/romanrum45/Goods/ModelGoods.java</file>
            <file>file:/C:/Users/Rum/Documents/NetBeansProjects/Goods/src/com/gmail/romanrum45/Goods/SumGoodsDialogGUI.java</file>
            <file>file:/C:/Users/Rum/Documents/NetBeansProjects/Goods/src/com/gmail/romanrum45/Goods/GoodsUI.java</file>
            <file>file:/C:/Users/Rum/Documents/NetBeansProjects/Goods/src/com/gmail/romanrum45/Goods/NotSelectedRowDialogGUI.java</file>
            <file>file:/C:/Users/Rum/Documents/NetBeansProjects/Goods/src/com/gmail/romanrum45/Goods/NotFoundDialogGUI.java</file>
        </group>
    </open-files>
</project-private>
